Från Datum Tid (UTC);Till Datum Tid (UTC);Representativ månad;Lufttemperatur;Kvalitet
1961-01-01 00:00;1961-02-01 00:00;jan-61;-0.5;Y
1961-02-01 00:00;1961-03-01 00:00;feb-61;2.7;Y
1961-03-01 00:00;1961-04-01 00:00;mar-61;5.1;Y
1961-04-01 00:00;1961-05-01 00:00;apr-61;8.1;Y
1961-05-01 00:00;1961-06-01 00:00;maj-61;11.2;Y
1961-06-01 00:00;1961-07-01 00:00;jun-61;15.8;Y
1961-07-01 00:00;1961-08-01 00:00;jul-61;15.6;Y
1961-08-01 00:00;1961-09-01 00:00;aug-61;14.9;Y
1961-09-01 00:00;1961-10-01 00:00;sep-61;14.4;Y
1961-10-01 00:00;1961-11-01 00:00;okt-61;12.2;Y
1961-11-01 00:00;1961-12-01 00:00;nov-61;5.4;Y
1961-12-01 00:00;1962-01-01 00:00;dec-61;-0.0;Y
1962-01-01 00:00;1962-02-01 00:00;jan-62;1.4;Y
1962-02-01 00:00;1962-03-01 00:00;feb-62;1.1;Y
1962-03-01 00:00;1962-04-01 00:00;mar-62;-1.1;Y
1962-04-01 00:00;1962-05-01 00:00;apr-62;6.6;Y
1962-05-01 00:00;1962-06-01 00:00;maj-62;9.2;Y
1962-06-01 00:00;1962-07-01 00:00;jun-62;13.8;Y
1962-07-01 00:00;1962-08-01 00:00;jul-62;15.1;Y
1962-08-01 00:00;1962-09-01 00:00;aug-62;14.1;Y
1962-09-01 00:00;1962-10-01 00:00;sep-62;11.9;Y
1962-10-01 00:00;1962-11-01 00:00;okt-62;10.3;Y
1962-11-01 00:00;1962-12-01 00:00;nov-62;3.6;Y
1962-12-01 00:00;1963-01-01 00:00;dec-62;-0.9;Y
1963-01-01 00:00;1963-02-01 00:00;jan-63;-6.6;Y
1963-02-01 00:00;1963-03-01 00:00;feb-63;-5.0;Y
1963-03-01 00:00;1963-04-01 00:00;mar-63;-0.6;Y
1963-04-01 00:00;1963-05-01 00:00;apr-63;5.7;Y
1963-05-01 00:00;1963-06-01 00:00;maj-63;12.3;Y
1963-06-01 00:00;1963-07-01 00:00;jun-63;16.2;Y
1963-07-01 00:00;1963-08-01 00:00;jul-63;16.3;Y
1963-08-01 00:00;1963-09-01 00:00;aug-63;16.2;Y
1963-09-01 00:00;1963-10-01 00:00;sep-63;13.6;Y
1963-10-01 00:00;1963-11-01 00:00;okt-63;9.7;Y
1963-11-01 00:00;1963-12-01 00:00;nov-63;6.0;Y
1963-12-01 00:00;1964-01-01 00:00;dec-63;-0.5;Y
1964-01-01 00:00;1964-02-01 00:00;jan-64;1.1;Y
1964-02-01 00:00;1964-03-01 00:00;feb-64;-0.6;Y
1964-03-01 00:00;1964-04-01 00:00;mar-64;1.0;Y
1964-04-01 00:00;1964-05-01 00:00;apr-64;7.6;Y
1964-05-01 00:00;1964-06-01 00:00;maj-64;12.2;Y
1964-06-01 00:00;1964-07-01 00:00;jun-64;14.5;Y
1964-07-01 00:00;1964-08-01 00:00;jul-64;15.1;Y
1964-08-01 00:00;1964-09-01 00:00;aug-64;15.7;Y
1964-09-01 00:00;1964-10-01 00:00;sep-64;12.4;Y
1964-10-01 00:00;1964-11-01 00:00;okt-64;8.1;Y
1964-11-01 00:00;1964-12-01 00:00;nov-64;5.9;Y
1964-12-01 00:00;1965-01-01 00:00;dec-64;1.5;Y
1965-01-01 00:00;1965-02-01 00:00;jan-65;0.7;Y
1965-02-01 00:00;1965-03-01 00:00;feb-65;-0.7;Y
1965-03-01 00:00;1965-04-01 00:00;mar-65;0.9;Y
1965-04-01 00:00;1965-05-01 00:00;apr-65;6.2;Y
1965-05-01 00:00;1965-06-01 00:00;maj-65;10.0;Y
1965-06-01 00:00;1965-07-01 00:00;jun-65;15.0;Y
1965-07-01 00:00;1965-08-01 00:00;jul-65;14.9;Y
1965-08-01 00:00;1965-09-01 00:00;aug-65;15.2;Y
1965-09-01 00:00;1965-10-01 00:00;sep-65;14.2;Y
1965-10-01 00:00;1965-11-01 00:00;okt-65;10.1;Y
1965-11-01 00:00;1965-12-01 00:00;nov-65;0.9;Y
1965-12-01 00:00;1966-01-01 00:00;dec-65;-1.4;Y
1966-01-01 00:00;1966-02-01 00:00;jan-66;-4.0;Y
1966-02-01 00:00;1966-03-01 00:00;feb-66;-4.8;Y
1966-03-01 00:00;1966-04-01 00:00;mar-66;1.9;Y
1966-04-01 00:00;1966-05-01 00:00;apr-66;3.2;Y
1966-05-01 00:00;1966-06-01 00:00;maj-66;11.5;Y
1966-06-01 00:00;1966-07-01 00:00;jun-66;17.2;Y
1966-07-01 00:00;1966-08-01 00:00;jul-66;17.0;Y
1966-08-01 00:00;1966-09-01 00:00;aug-66;15.7;Y
1966-09-01 00:00;1966-10-01 00:00;sep-66;12.8;Y
1966-10-01 00:00;1966-11-01 00:00;okt-66;9.0;Y
1966-11-01 00:00;1966-12-01 00:00;nov-66;4.2;Y
1966-12-01 00:00;1967-01-01 00:00;dec-66;0.8;Y
1967-01-01 00:00;1967-02-01 00:00;jan-67;-1.8;Y
1967-02-01 00:00;1967-03-01 00:00;feb-67;1.3;Y
1967-03-01 00:00;1967-04-01 00:00;mar-67;4.9;Y
1967-04-01 00:00;1967-05-01 00:00;apr-67;5.8;Y
1967-05-01 00:00;1967-06-01 00:00;maj-67;11.4;Y
1967-06-01 00:00;1967-07-01 00:00;jun-67;14.6;Y
1967-07-01 00:00;1967-08-01 00:00;jul-67;16.8;Y
1967-08-01 00:00;1967-09-01 00:00;aug-67;16.8;Y
1967-09-01 00:00;1967-10-01 00:00;sep-67;14.4;Y
1967-10-01 00:00;1967-11-01 00:00;okt-67;10.8;Y
1967-11-01 00:00;1967-12-01 00:00;nov-67;6.4;Y
1967-12-01 00:00;1968-01-01 00:00;dec-67;-0.0;Y
1968-01-01 00:00;1968-02-01 00:00;jan-68;-2.3;Y
1968-02-01 00:00;1968-03-01 00:00;feb-68;-1.1;Y
1968-03-01 00:00;1968-04-01 00:00;mar-68;3.2;Y
1968-04-01 00:00;1968-05-01 00:00;apr-68;8.1;Y
1968-05-01 00:00;1968-06-01 00:00;maj-68;9.9;Y
1968-06-01 00:00;1968-07-01 00:00;jun-68;17.2;Y
1968-07-01 00:00;1968-08-01 00:00;jul-68;16.6;Y
1968-08-01 00:00;1968-09-01 00:00;aug-68;17.8;Y
1968-09-01 00:00;1968-10-01 00:00;sep-68;14.2;Y
1968-10-01 00:00;1968-11-01 00:00;okt-68;8.8;Y
1968-11-01 00:00;1968-12-01 00:00;nov-68;2.8;Y
1968-12-01 00:00;1969-01-01 00:00;dec-68;0.3;Y
1969-01-01 00:00;1969-02-01 00:00;jan-69;-0.5;Y
1969-02-01 00:00;1969-03-01 00:00;feb-69;-3.8;Y
1969-03-01 00:00;1969-04-01 00:00;mar-69;-0.4;Y
1969-04-01 00:00;1969-05-01 00:00;apr-69;5.8;Y
1969-07-01 00:00;1969-08-01 00:00;jul-69;17.1;Y
1969-08-01 00:00;1969-09-01 00:00;aug-69;17.8;Y
1969-09-01 00:00;1969-10-01 00:00;sep-69;14.0;Y
1969-10-01 00:00;1969-11-01 00:00;okt-69;9.3;Y
1969-11-01 00:00;1969-12-01 00:00;nov-69;3.4;Y
1969-12-01 00:00;1970-01-01 00:00;dec-69;-2.6;Y
1970-01-01 00:00;1970-02-01 00:00;jan-70;-4.9;Y
1970-02-01 00:00;1970-03-01 00:00;feb-70;-6.9;Y
1970-03-01 00:00;1970-04-01 00:00;mar-70;-0.4;Y
1970-04-01 00:00;1970-05-01 00:00;apr-70;2.8;Y
1970-05-01 00:00;1970-06-01 00:00;maj-70;11.1;Y
1970-06-01 00:00;1970-07-01 00:00;jun-70;17.1;Y
1970-07-01 00:00;1970-08-01 00:00;jul-70;15.0;Y
1970-08-01 00:00;1970-09-01 00:00;aug-70;15.8;Y
1970-09-01 00:00;1970-10-01 00:00;sep-70;11.4;Y
1970-10-01 00:00;1970-11-01 00:00;okt-70;8.4;Y
1970-11-01 00:00;1970-12-01 00:00;nov-70;2.9;Y
1970-12-01 00:00;1971-01-01 00:00;dec-70;0.6;Y
1971-01-01 00:00;1971-02-01 00:00;jan-71;-0.2;Y
1971-02-01 00:00;1971-03-01 00:00;feb-71;0.8;Y
1971-03-01 00:00;1971-04-01 00:00;mar-71;-0.3;Y
1971-04-01 00:00;1971-05-01 00:00;apr-71;4.8;Y
1971-05-01 00:00;1971-06-01 00:00;maj-71;11.5;Y
1971-06-01 00:00;1971-07-01 00:00;jun-71;13.9;Y
1971-07-01 00:00;1971-08-01 00:00;jul-71;16.8;Y
1971-08-01 00:00;1971-09-01 00:00;aug-71;15.7;Y
1971-09-01 00:00;1971-10-01 00:00;sep-71;11.5;Y
1971-10-01 00:00;1971-11-01 00:00;okt-71;8.9;Y
1971-11-01 00:00;1971-12-01 00:00;nov-71;3.3;Y
1971-12-01 00:00;1972-01-01 00:00;dec-71;3.9;Y
1972-01-01 00:00;1972-02-01 00:00;jan-72;-3.6;Y
1972-02-01 00:00;1972-03-01 00:00;feb-72;0.1;Y
1972-03-01 00:00;1972-04-01 00:00;mar-72;2.5;Y
1972-05-01 00:00;1972-06-01 00:00;maj-72;12.1;Y
1972-06-01 00:00;1972-07-01 00:00;jun-72;15.1;Y
1972-07-01 00:00;1972-08-01 00:00;jul-72;18.6;Y
1972-08-01 00:00;1972-09-01 00:00;aug-72;16.2;Y
1972-09-01 00:00;1972-10-01 00:00;sep-72;11.3;Y
1972-10-01 00:00;1972-11-01 00:00;okt-72;8.5;Y
1972-11-01 00:00;1972-12-01 00:00;nov-72;5.6;Y
1972-12-01 00:00;1973-01-01 00:00;dec-72;4.6;Y
1973-01-01 00:00;1973-02-01 00:00;jan-73;1.2;Y
1973-02-01 00:00;1973-03-01 00:00;feb-73;2.5;Y
1973-03-01 00:00;1973-04-01 00:00;mar-73;5.2;Y
1973-04-01 00:00;1973-05-01 00:00;apr-73;5.4;Y
1973-05-01 00:00;1973-06-01 00:00;maj-73;11.3;Y
1973-06-01 00:00;1973-07-01 00:00;jun-73;16.0;Y
1973-07-01 00:00;1973-08-01 00:00;jul-73;19.0;Y
1973-08-01 00:00;1973-09-01 00:00;aug-73;16.2;Y
1973-09-01 00:00;1973-10-01 00:00;sep-73;12.6;Y
1973-10-01 00:00;1973-11-01 00:00;okt-73;6.3;Y
1973-11-01 00:00;1973-12-01 00:00;nov-73;2.3;Y
1973-12-01 00:00;1974-01-01 00:00;dec-73;0.8;Y
1974-01-01 00:00;1974-02-01 00:00;jan-74;2.5;Y
1974-02-01 00:00;1974-03-01 00:00;feb-74;2.8;Y
1974-03-01 00:00;1974-04-01 00:00;mar-74;4.2;Y
1974-04-01 00:00;1974-05-01 00:00;apr-74;8.4;Y
1974-05-01 00:00;1974-06-01 00:00;maj-74;11.6;Y
1974-06-01 00:00;1974-07-01 00:00;jun-74;15.4;Y
1974-07-01 00:00;1974-08-01 00:00;jul-74;15.5;Y
1974-08-01 00:00;1974-09-01 00:00;aug-74;16.2;Y
1974-09-01 00:00;1974-10-01 00:00;sep-74;13.8;Y
1974-10-01 00:00;1974-11-01 00:00;okt-74;6.5;Y
1974-11-01 00:00;1974-12-01 00:00;nov-74;5.0;Y
1974-12-01 00:00;1975-01-01 00:00;dec-74;4.2;Y
1975-01-01 00:00;1975-02-01 00:00;jan-75;4.4;Y
1975-02-01 00:00;1975-03-01 00:00;feb-75;1.5;Y
1975-03-01 00:00;1975-04-01 00:00;mar-75;2.8;Y
1975-04-01 00:00;1975-05-01 00:00;apr-75;5.5;Y
1975-05-01 00:00;1975-06-01 00:00;maj-75;12.3;Y
1975-06-01 00:00;1975-07-01 00:00;jun-75;15.2;Y
1975-07-01 00:00;1975-08-01 00:00;jul-75;17.7;Y
1975-08-01 00:00;1975-09-01 00:00;aug-75;19.6;Y
1975-09-01 00:00;1975-10-01 00:00;sep-75;14.3;Y
1975-10-01 00:00;1975-11-01 00:00;okt-75;9.2;Y
1975-11-01 00:00;1975-12-01 00:00;nov-75;4.7;Y
1975-12-01 00:00;1976-01-01 00:00;dec-75;4.6;Y
1976-01-01 00:00;1976-02-01 00:00;jan-76;-1.1;Y
1976-02-01 00:00;1976-03-01 00:00;feb-76;0.1;Y
1976-03-01 00:00;1976-04-01 00:00;mar-76;-0.8;Y
1976-04-01 00:00;1976-05-01 00:00;apr-76;5.7;Y
1976-05-01 00:00;1976-06-01 00:00;maj-76;11.9;Y
1976-06-01 00:00;1976-07-01 00:00;jun-76;15.3;Y
1976-07-01 00:00;1976-08-01 00:00;jul-76;18.7;Y
1976-08-01 00:00;1976-09-01 00:00;aug-76;18.0;Y
1976-09-01 00:00;1976-10-01 00:00;sep-76;11.9;Y
1983-04-01 00:00;1983-05-01 00:00;apr-83;6.9;Y
1983-05-01 00:00;1983-06-01 00:00;maj-83;11.5;Y
1983-06-01 00:00;1983-07-01 00:00;jun-83;15.1;Y
1983-07-01 00:00;1983-08-01 00:00;jul-83;18.3;Y
1983-08-01 00:00;1983-09-01 00:00;aug-83;17.1;Y
1983-09-01 00:00;1983-10-01 00:00;sep-83;13.1;Y
1983-10-01 00:00;1983-11-01 00:00;okt-83;9.2;Y
1983-11-01 00:00;1983-12-01 00:00;nov-83;3.3;Y
1983-12-01 00:00;1984-01-01 00:00;dec-83;1.3;Y
1984-01-01 00:00;1984-02-01 00:00;jan-84;-0.6;Y
1984-02-01 00:00;1984-03-01 00:00;feb-84;-0.1;Y
1984-03-01 00:00;1984-04-01 00:00;mar-84;0.3;Y
1984-04-01 00:00;1984-05-01 00:00;apr-84;6.3;Y
1984-05-01 00:00;1984-06-01 00:00;maj-84;13.1;Y
1984-06-01 00:00;1984-07-01 00:00;jun-84;15.1;Y
1984-07-01 00:00;1984-08-01 00:00;jul-84;17.1;Y
1984-08-01 00:00;1984-09-01 00:00;aug-84;17.4;Y
1984-09-01 00:00;1984-10-01 00:00;sep-84;11.1;Y
1984-10-01 00:00;1984-11-01 00:00;okt-84;10.8;Y
1984-11-01 00:00;1984-12-01 00:00;nov-84;5.8;Y
1984-12-01 00:00;1985-01-01 00:00;dec-84;2.6;Y
1985-01-01 00:00;1985-02-01 00:00;jan-85;-6.7;Y
1985-02-01 00:00;1985-03-01 00:00;feb-85;-6.9;Y
1985-03-01 00:00;1985-04-01 00:00;mar-85;1.2;Y
1985-04-01 00:00;1985-05-01 00:00;apr-85;3.9;Y
1985-05-01 00:00;1985-06-01 00:00;maj-85;12.4;Y
1985-06-01 00:00;1985-07-01 00:00;jun-85;14.2;Y
1985-07-01 00:00;1985-08-01 00:00;jul-85;16.7;Y
1985-08-01 00:00;1985-09-01 00:00;aug-85;16.0;Y
1985-09-01 00:00;1985-10-01 00:00;sep-85;11.2;Y
1985-10-01 00:00;1985-11-01 00:00;okt-85;10.0;Y
1985-11-01 00:00;1985-12-01 00:00;nov-85;1.2;Y
1985-12-01 00:00;1986-01-01 00:00;dec-85;0.1;Y
1986-01-01 00:00;1986-02-01 00:00;jan-86;-3.1;Y
1986-02-01 00:00;1986-03-01 00:00;feb-86;-6.1;Y
1986-03-01 00:00;1986-04-01 00:00;mar-86;1.8;Y
1986-04-01 00:00;1986-05-01 00:00;apr-86;4.0;Y
1986-06-01 00:00;1986-07-01 00:00;jun-86;15.9;Y
1986-07-01 00:00;1986-08-01 00:00;jul-86;16.6;Y
1986-08-01 00:00;1986-09-01 00:00;aug-86;14.8;Y
1986-09-01 00:00;1986-10-01 00:00;sep-86;10.2;Y
1986-10-01 00:00;1986-11-01 00:00;okt-86;8.9;Y
1986-11-01 00:00;1986-12-01 00:00;nov-86;6.8;Y
1986-12-01 00:00;1987-01-01 00:00;dec-86;1.1;Y
1987-01-01 00:00;1987-02-01 00:00;jan-87;-7.9;Y
1987-02-01 00:00;1987-03-01 00:00;feb-87;-1.0;Y
1987-03-01 00:00;1987-04-01 00:00;mar-87;-2.0;Y
1987-04-01 00:00;1987-05-01 00:00;apr-87;6.4;Y
1987-05-01 00:00;1987-06-01 00:00;maj-87;9.6;Y
1987-06-01 00:00;1987-07-01 00:00;jun-87;12.2;Y
1987-07-01 00:00;1987-08-01 00:00;jul-87;15.8;Y
1987-08-01 00:00;1987-09-01 00:00;aug-87;14.1;Y
1987-09-01 00:00;1987-10-01 00:00;sep-87;11.9;Y
1987-10-01 00:00;1987-11-01 00:00;okt-87;9.3;Y
1987-11-01 00:00;1987-12-01 00:00;nov-87;4.0;Y
1987-12-01 00:00;1988-01-01 00:00;dec-87;2.3;Y
1988-01-01 00:00;1988-02-01 00:00;jan-88;3.1;Y
1988-02-01 00:00;1988-03-01 00:00;feb-88;1.5;Y
1988-03-01 00:00;1988-04-01 00:00;mar-88;0.5;Y
1988-04-01 00:00;1988-05-01 00:00;apr-88;5.1;Y
1988-05-01 00:00;1988-06-01 00:00;maj-88;13.4;Y
1988-06-01 00:00;1988-07-01 00:00;jun-88;18.0;Y
1988-08-01 00:00;1988-09-01 00:00;aug-88;16.1;Y
1988-09-01 00:00;1988-10-01 00:00;sep-88;13.8;Y
1988-10-01 00:00;1988-11-01 00:00;okt-88;7.7;Y
1988-11-01 00:00;1988-12-01 00:00;nov-88;2.4;Y
1988-12-01 00:00;1989-01-01 00:00;dec-88;2.5;Y
1989-01-01 00:00;1989-02-01 00:00;jan-89;5.6;Y
1989-02-01 00:00;1989-03-01 00:00;feb-89;5.1;Y
1989-03-01 00:00;1989-04-01 00:00;mar-89;5.7;Y
1989-04-01 00:00;1989-05-01 00:00;apr-89;6.9;Y
1989-05-01 00:00;1989-06-01 00:00;maj-89;12.0;Y
1989-06-01 00:00;1989-07-01 00:00;jun-89;16.1;Y
1989-07-01 00:00;1989-08-01 00:00;jul-89;18.3;Y
1989-09-01 00:00;1989-10-01 00:00;sep-89;13.4;Y
1989-10-01 00:00;1989-11-01 00:00;okt-89;9.7;Y
1989-11-01 00:00;1989-12-01 00:00;nov-89;4.4;Y
1989-12-01 00:00;1990-01-01 00:00;dec-89;2.1;Y
1990-01-01 00:00;1990-02-01 00:00;jan-90;4.4;Y
1990-02-01 00:00;1990-03-01 00:00;feb-90;5.7;Y
1990-03-01 00:00;1990-04-01 00:00;mar-90;6.0;Y
1990-04-01 00:00;1990-05-01 00:00;apr-90;8.2;Y
1990-05-01 00:00;1990-06-01 00:00;maj-90;12.7;Y
1990-06-01 00:00;1990-07-01 00:00;jun-90;16.2;Y
1990-07-01 00:00;1990-08-01 00:00;jul-90;17.2;Y
1990-08-01 00:00;1990-09-01 00:00;aug-90;17.4;Y
1990-09-01 00:00;1990-10-01 00:00;sep-90;12.2;Y
1990-10-01 00:00;1990-11-01 00:00;okt-90;9.1;Y
1990-11-01 00:00;1990-12-01 00:00;nov-90;3.7;Y
1990-12-01 00:00;1991-01-01 00:00;dec-90;2.4;Y
1991-01-01 00:00;1991-02-01 00:00;jan-91;1.8;Y
1991-02-01 00:00;1991-03-01 00:00;feb-91;-1.8;Y
1991-03-01 00:00;1991-04-01 00:00;mar-91;4.3;Y
1991-04-01 00:00;1991-05-01 00:00;apr-91;6.9;Y
1991-05-01 00:00;1991-06-01 00:00;maj-91;10.1;Y
1991-06-01 00:00;1991-07-01 00:00;jun-91;12.3;Y
1991-07-01 00:00;1991-08-01 00:00;jul-91;19.0;Y
1991-08-01 00:00;1991-09-01 00:00;aug-91;17.7;Y
1991-09-01 00:00;1991-10-01 00:00;sep-91;13.7;Y
1991-10-01 00:00;1991-11-01 00:00;okt-91;8.7;Y
1991-11-01 00:00;1991-12-01 00:00;nov-91;5.4;Y
1991-12-01 00:00;1992-01-01 00:00;dec-91;3.6;Y
1992-01-01 00:00;1992-02-01 00:00;jan-92;2.7;Y
1992-02-01 00:00;1992-03-01 00:00;feb-92;3.1;Y
1992-03-01 00:00;1992-04-01 00:00;mar-92;4.3;Y
1992-04-01 00:00;1992-05-01 00:00;apr-92;5.5;Y
1992-05-01 00:00;1992-06-01 00:00;maj-92;14.0;Y
1992-06-01 00:00;1992-07-01 00:00;jun-92;19.0;Y
1992-07-01 00:00;1992-08-01 00:00;jul-92;18.4;Y
1992-08-01 00:00;1992-09-01 00:00;aug-92;16.4;Y
1992-09-01 00:00;1992-10-01 00:00;sep-92;13.4;Y
1992-10-01 00:00;1992-11-01 00:00;okt-92;5.5;Y
1992-11-01 00:00;1992-12-01 00:00;nov-92;4.4;Y
1992-12-01 00:00;1993-01-01 00:00;dec-92;2.8;Y
1993-01-01 00:00;1993-02-01 00:00;jan-93;2.2;Y
1993-02-01 00:00;1993-03-01 00:00;feb-93;1.1;Y
1993-03-01 00:00;1993-04-01 00:00;mar-93;2.9;Y
1993-04-01 00:00;1993-05-01 00:00;apr-93;8.7;Y
1993-05-01 00:00;1993-06-01 00:00;maj-93;14.6;Y
1993-06-01 00:00;1993-07-01 00:00;jun-93;14.6;Y
1993-07-01 00:00;1993-08-01 00:00;jul-93;15.0;Y
1993-08-01 00:00;1993-09-01 00:00;aug-93;14.6;Y
1993-09-01 00:00;1993-10-01 00:00;sep-93;10.8;Y
1993-10-01 00:00;1993-11-01 00:00;okt-93;7.4;Y
1993-11-01 00:00;1993-12-01 00:00;nov-93;2.4;Y
1993-12-01 00:00;1994-01-01 00:00;dec-93;1.4;Y
1994-01-01 00:00;1994-02-01 00:00;jan-94;1.6;Y
1994-02-01 00:00;1994-03-01 00:00;feb-94;-3.5;Y
1994-03-01 00:00;1994-04-01 00:00;mar-94;2.7;Y
1994-04-01 00:00;1994-05-01 00:00;apr-94;8.0;Y
1994-05-01 00:00;1994-06-01 00:00;maj-94;12.3;Y
1994-06-01 00:00;1994-07-01 00:00;jun-94;13.8;Y
1994-07-01 00:00;1994-08-01 00:00;jul-94;21.2;Y
1994-08-01 00:00;1994-09-01 00:00;aug-94;18.3;Y
1994-09-01 00:00;1994-10-01 00:00;sep-94;12.7;Y
1994-10-01 00:00;1994-11-01 00:00;okt-94;7.5;Y
1994-11-01 00:00;1994-12-01 00:00;nov-94;5.6;Y
1994-12-01 00:00;1995-01-01 00:00;dec-94;4.1;Y
1995-01-01 00:00;1995-02-01 00:00;jan-95;-0.5;Y
1995-02-01 00:00;1995-03-01 00:00;feb-95;3.3;Y
1995-03-01 00:00;1995-04-01 00:00;mar-95;3.1;Y
1995-04-01 00:00;1995-05-01 00:00;apr-95;6.3;Y
1995-09-01 00:00;1995-10-01 00:00;sep-95;12.9;Y
1995-10-01 00:00;1995-11-01 00:00;okt-95;11.0;Y
1995-11-01 00:00;1995-12-01 00:00;nov-95;2.3;Y
1995-12-01 00:00;1996-01-01 00:00;dec-95;-2.2;Y
1996-01-01 00:00;1996-02-01 00:00;jan-96;-2.3;Y
1996-02-01 00:00;1996-03-01 00:00;feb-96;-4.0;Y
1996-03-01 00:00;1996-04-01 00:00;mar-96;0.7;Y
1996-04-01 00:00;1996-05-01 00:00;apr-96;7.0;Y
1996-05-01 00:00;1996-06-01 00:00;maj-96;9.3;Y
1996-06-01 00:00;1996-07-01 00:00;jun-96;14.6;Y
1996-07-01 00:00;1996-08-01 00:00;jul-96;15.8;Y
1996-08-01 00:00;1996-09-01 00:00;aug-96;18.8;Y
1996-09-01 00:00;1996-10-01 00:00;sep-96;11.1;Y
1996-10-01 00:00;1996-11-01 00:00;okt-96;9.8;Y
1996-11-01 00:00;1996-12-01 00:00;nov-96;4.8;Y
1996-12-01 00:00;1997-01-01 00:00;dec-96;-1.9;Y
1997-01-01 00:00;1997-02-01 00:00;jan-97;-1.5;Y
1997-02-01 00:00;1997-03-01 00:00;feb-97;1.8;Y
1997-03-01 00:00;1997-04-01 00:00;mar-97;3.2;Y
1997-04-01 00:00;1997-05-01 00:00;apr-97;5.5;Y
1997-05-01 00:00;1997-06-01 00:00;maj-97;10.2;Y
1997-06-01 00:00;1997-07-01 00:00;jun-97;16.7;Y
1997-07-01 00:00;1997-08-01 00:00;jul-97;19.0;Y
1997-08-01 00:00;1997-09-01 00:00;aug-97;20.9;Y
1997-09-01 00:00;1997-10-01 00:00;sep-97;13.9;Y
1997-10-01 00:00;1997-11-01 00:00;okt-97;6.6;Y
1997-11-01 00:00;1997-12-01 00:00;nov-97;3.6;Y
1997-12-01 00:00;1998-01-01 00:00;dec-97;1.5;Y
1998-01-01 00:00;1998-02-01 00:00;jan-98;1.7;Y
1998-02-01 00:00;1998-03-01 00:00;feb-98;4.2;Y
1998-03-01 00:00;1998-04-01 00:00;mar-98;2.8;Y
1998-04-01 00:00;1998-05-01 00:00;apr-98;6.3;Y
1999-04-01 00:00;1999-05-01 00:00;apr-99;8.2;Y
1999-05-01 00:00;1999-06-01 00:00;maj-99;10.5;Y
1999-06-01 00:00;1999-07-01 00:00;jun-99;14.6;Y
1999-07-01 00:00;1999-08-01 00:00;jul-99;18.0;Y
1999-08-01 00:00;1999-09-01 00:00;aug-99;16.9;Y
1999-09-01 00:00;1999-10-01 00:00;sep-99;16.3;Y
1999-10-01 00:00;1999-11-01 00:00;okt-99;8.9;Y
1999-11-01 00:00;1999-12-01 00:00;nov-99;5.8;Y
1999-12-01 00:00;2000-01-01 00:00;dec-99;1.1;Y
2000-01-01 00:00;2000-02-01 00:00;jan-00;2.5;Y
2000-02-01 00:00;2000-03-01 00:00;feb-00;2.9;Y
2000-03-01 00:00;2000-04-01 00:00;mar-00;3.3;Y
2000-04-01 00:00;2000-05-01 00:00;apr-00;9.1;Y
2000-05-01 00:00;2000-06-01 00:00;maj-00;13.5;Y
2000-06-01 00:00;2000-07-01 00:00;jun-00;14.6;Y
2000-07-01 00:00;2000-08-01 00:00;jul-00;16.4;Y
2000-08-01 00:00;2000-09-01 00:00;aug-00;16.1;Y
2000-09-01 00:00;2000-10-01 00:00;sep-00;12.9;Y
2000-10-01 00:00;2000-11-01 00:00;okt-00;11.4;Y
2000-11-01 00:00;2000-12-01 00:00;nov-00;7.6;Y
2000-12-01 00:00;2001-01-01 00:00;dec-00;3.3;Y
2001-01-01 00:00;2001-02-01 00:00;jan-01;1.4;Y
2001-02-01 00:00;2001-03-01 00:00;feb-01;-1.4;Y
2001-03-01 00:00;2001-04-01 00:00;mar-01;0.5;Y
2001-04-01 00:00;2001-05-01 00:00;apr-01;5.8;Y
2001-05-01 00:00;2001-06-01 00:00;maj-01;12.1;Y
2001-06-01 00:00;2001-07-01 00:00;jun-01;14.0;Y
2001-07-01 00:00;2001-08-01 00:00;jul-01;18.4;Y
2001-08-01 00:00;2001-09-01 00:00;aug-01;17.2;Y
2001-09-01 00:00;2001-10-01 00:00;sep-01;12.9;Y
2001-10-01 00:00;2001-11-01 00:00;okt-01;11.8;Y
2001-11-01 00:00;2001-12-01 00:00;nov-01;4.4;Y
2001-12-01 00:00;2002-01-01 00:00;dec-01;-1.1;Y
2002-01-01 00:00;2002-02-01 00:00;jan-02;2.3;Y
2002-02-01 00:00;2002-03-01 00:00;feb-02;3.9;Y
2002-03-01 00:00;2002-04-01 00:00;mar-02;4.2;Y
2002-04-01 00:00;2002-05-01 00:00;apr-02;7.8;Y
2002-05-01 00:00;2002-06-01 00:00;maj-02;13.9;Y
2002-06-01 00:00;2002-07-01 00:00;jun-02;16.6;Y
2002-07-01 00:00;2002-08-01 00:00;jul-02;18.5;Y
2002-08-01 00:00;2002-09-01 00:00;aug-02;20.6;Y
2002-09-01 00:00;2002-10-01 00:00;sep-02;14.8;Y
2002-10-01 00:00;2002-11-01 00:00;okt-02;5.6;Y
2002-11-01 00:00;2002-12-01 00:00;nov-02;2.5;Y
2002-12-01 00:00;2003-01-01 00:00;dec-02;-1.9;Y
2003-01-01 00:00;2003-02-01 00:00;jan-03;-1.1;Y
2003-02-01 00:00;2003-03-01 00:00;feb-03;-1.8;Y
2003-03-01 00:00;2003-04-01 00:00;mar-03;2.8;Y
2003-04-01 00:00;2003-05-01 00:00;apr-03;7.1;Y
2003-05-01 00:00;2003-06-01 00:00;maj-03;11.9;Y
2003-06-01 00:00;2003-07-01 00:00;jun-03;16.7;Y
2003-07-01 00:00;2003-08-01 00:00;jul-03;19.4;Y
2003-08-01 00:00;2003-09-01 00:00;aug-03;18.1;Y
2003-09-01 00:00;2003-10-01 00:00;sep-03;14.6;Y
2003-10-01 00:00;2003-11-01 00:00;okt-03;6.0;Y
2003-11-01 00:00;2003-12-01 00:00;nov-03;5.9;Y
2003-12-01 00:00;2004-01-01 00:00;dec-03;3.6;Y
2004-01-01 00:00;2004-02-01 00:00;jan-04;-2.0;Y
2004-02-01 00:00;2004-03-01 00:00;feb-04;1.0;Y
2004-03-01 00:00;2004-04-01 00:00;mar-04;3.0;Y
2004-04-01 00:00;2004-05-01 00:00;apr-04;8.6;Y
2004-05-01 00:00;2004-06-01 00:00;maj-04;12.8;Y
2004-06-01 00:00;2004-07-01 00:00;jun-04;14.4;Y
2004-07-01 00:00;2004-08-01 00:00;jul-04;16.1;Y
2004-08-01 00:00;2004-09-01 00:00;aug-04;18.8;Y
2004-09-01 00:00;2004-10-01 00:00;sep-04;14.0;Y
2004-10-01 00:00;2004-11-01 00:00;okt-04;8.9;Y
2004-11-01 00:00;2004-12-01 00:00;nov-04;4.0;Y
2004-12-01 00:00;2005-01-01 00:00;dec-04;4.2;Y
2005-01-01 00:00;2005-02-01 00:00;jan-05;2.9;Y
2005-02-01 00:00;2005-03-01 00:00;feb-05;-0.3;Y
2005-03-01 00:00;2005-04-01 00:00;mar-05;0.7;Y
2005-04-01 00:00;2005-05-01 00:00;apr-05;8.0;Y
2005-05-01 00:00;2005-06-01 00:00;maj-05;11.4;Y
2005-06-01 00:00;2005-07-01 00:00;jun-05;14.9;Y
2005-07-01 00:00;2005-08-01 00:00;jul-05;19.2;Y
2005-08-01 00:00;2005-09-01 00:00;aug-05;17.0;Y
2005-09-01 00:00;2005-10-01 00:00;sep-05;14.8;Y
2005-10-01 00:00;2005-11-01 00:00;okt-05;10.3;Y
2005-11-01 00:00;2005-12-01 00:00;nov-05;6.0;Y
2005-12-01 00:00;2006-01-01 00:00;dec-05;1.7;Y
2006-01-01 00:00;2006-02-01 00:00;jan-06;-1.9;Y
2006-02-01 00:00;2006-03-01 00:00;feb-06;-0.7;Y
2006-03-01 00:00;2006-04-01 00:00;mar-06;-1.7;Y
2006-04-01 00:00;2006-05-01 00:00;apr-06;6.1;Y
2006-05-01 00:00;2006-06-01 00:00;maj-06;12.6;Y
2006-06-01 00:00;2006-07-01 00:00;jun-06;16.6;Y
2006-07-01 00:00;2006-08-01 00:00;jul-06;21.0;Y
2006-08-01 00:00;2006-09-01 00:00;aug-06;18.2;Y
2006-09-01 00:00;2006-10-01 00:00;sep-06;17.1;Y
2006-10-01 00:00;2006-11-01 00:00;okt-06;12.1;Y
2006-11-01 00:00;2006-12-01 00:00;nov-06;7.7;Y
2006-12-01 00:00;2007-01-01 00:00;dec-06;6.9;Y
2007-01-01 00:00;2007-02-01 00:00;jan-07;3.9;Y
2007-02-01 00:00;2007-03-01 00:00;feb-07;0.7;Y
2007-03-01 00:00;2007-04-01 00:00;mar-07;6.2;Y
2007-04-01 00:00;2007-05-01 00:00;apr-07;9.2;Y
2007-05-01 00:00;2007-06-01 00:00;maj-07;12.0;Y
2007-06-01 00:00;2007-07-01 00:00;jun-07;17.5;Y
2007-07-01 00:00;2007-08-01 00:00;jul-07;16.3;Y
2007-08-01 00:00;2007-09-01 00:00;aug-07;17.6;Y
2007-09-01 00:00;2007-10-01 00:00;sep-07;13.4;Y
2007-10-01 00:00;2007-11-01 00:00;okt-07;8.5;Y
2007-11-01 00:00;2007-12-01 00:00;nov-07;4.2;Y
2007-12-01 00:00;2008-01-01 00:00;dec-07;3.9;Y
2008-01-01 00:00;2008-02-01 00:00;jan-08;3.7;Y
2008-02-01 00:00;2008-03-01 00:00;feb-08;4.6;Y
2008-03-01 00:00;2008-04-01 00:00;mar-08;3.0;Y
2008-04-01 00:00;2008-05-01 00:00;apr-08;8.5;Y
2008-05-01 00:00;2008-06-01 00:00;maj-08;13.5;Y
2008-06-01 00:00;2008-07-01 00:00;jun-08;16.2;Y
2008-07-01 00:00;2008-08-01 00:00;jul-08;19.3;Y
2008-08-01 00:00;2008-09-01 00:00;aug-08;16.9;Y
2008-09-01 00:00;2008-10-01 00:00;sep-08;13.2;Y
2008-10-01 00:00;2008-11-01 00:00;okt-08;10.3;Y
2008-11-01 00:00;2008-12-01 00:00;nov-08;4.8;Y
2008-12-01 00:00;2009-01-01 00:00;dec-08;2.3;Y
2009-01-01 00:00;2009-02-01 00:00;jan-09;0.7;Y
2009-02-01 00:00;2009-03-01 00:00;feb-09;-0.6;Y
2009-03-01 00:00;2009-04-01 00:00;mar-09;3.4;Y
2009-04-01 00:00;2009-05-01 00:00;apr-09;10.4;Y
2009-05-01 00:00;2009-06-01 00:00;maj-09;12.4;Y
2009-06-01 00:00;2009-07-01 00:00;jun-09;15.6;Y
2009-07-01 00:00;2009-08-01 00:00;jul-09;18.3;Y
2009-08-01 00:00;2009-09-01 00:00;aug-09;17.9;Y
2009-09-01 00:00;2009-10-01 00:00;sep-09;14.5;Y
2009-10-01 00:00;2009-11-01 00:00;okt-09;6.9;Y
2009-11-01 00:00;2009-12-01 00:00;nov-09;6.8;Y
2009-12-01 00:00;2010-01-01 00:00;dec-09;-0.5;Y
2010-01-01 00:00;2010-02-01 00:00;jan-10;-5.5;Y
2010-02-01 00:00;2010-03-01 00:00;feb-10;-3.5;Y
2010-03-01 00:00;2010-04-01 00:00;mar-10;1.9;Y
2010-04-01 00:00;2010-05-01 00:00;apr-10;7.2;Y
2010-05-01 00:00;2010-06-01 00:00;maj-10;11.3;Y
2010-06-01 00:00;2010-07-01 00:00;jun-10;15.3;Y
2010-07-01 00:00;2010-08-01 00:00;jul-10;19.5;Y
2010-08-01 00:00;2010-09-01 00:00;aug-10;17.2;Y
2010-09-01 00:00;2010-10-01 00:00;sep-10;12.9;Y
2010-10-01 00:00;2010-11-01 00:00;okt-10;7.9;Y
2010-11-01 00:00;2010-12-01 00:00;nov-10;1.8;Y
2010-12-01 00:00;2011-01-01 00:00;dec-10;-6.2;Y
2011-01-01 00:00;2011-02-01 00:00;jan-11;-0.8;Y
2011-02-01 00:00;2011-03-01 00:00;feb-11;-1.3;Y
2011-03-01 00:00;2011-04-01 00:00;mar-11;2.8;Y
2011-04-01 00:00;2011-05-01 00:00;apr-11;10.4;Y
2011-05-01 00:00;2011-06-01 00:00;maj-11;12.1;Y
2011-06-01 00:00;2011-07-01 00:00;jun-11;16.6;Y
2011-07-01 00:00;2011-08-01 00:00;jul-11;18.8;Y
2011-08-01 00:00;2011-09-01 00:00;aug-11;17.2;Y
2011-09-01 00:00;2011-10-01 00:00;sep-11;14.7;Y
2011-10-01 00:00;2011-11-01 00:00;okt-11;9.9;Y
2011-11-01 00:00;2011-12-01 00:00;nov-11;7.2;Y
2011-12-01 00:00;2012-01-01 00:00;dec-11;4.3;Y
2012-01-01 00:00;2012-02-01 00:00;jan-12;1.2;Y
2012-02-01 00:00;2012-03-01 00:00;feb-12;-1.0;Y
2012-03-01 00:00;2012-04-01 00:00;mar-12;5.6;Y
2012-04-01 00:00;2012-05-01 00:00;apr-12;6.3;Y
2012-05-01 00:00;2012-06-01 00:00;maj-12;13.4;Y
2012-06-01 00:00;2012-07-01 00:00;jun-12;13.9;Y
2012-07-01 00:00;2012-08-01 00:00;jul-12;17.4;Y
2012-08-01 00:00;2012-09-01 00:00;aug-12;17.2;Y
2012-09-01 00:00;2012-10-01 00:00;sep-12;13.4;Y
2012-10-01 00:00;2012-11-01 00:00;okt-12;8.3;Y
2012-11-01 00:00;2012-12-01 00:00;nov-12;6.2;Y
2012-12-01 00:00;2013-01-01 00:00;dec-12;-2.2;Y
2013-01-01 00:00;2013-02-01 00:00;jan-13;-1.2;Y
2013-02-01 00:00;2013-03-01 00:00;feb-13;-1.2;Y
2013-03-01 00:00;2013-04-01 00:00;mar-13;-0.7;Y
2013-04-01 00:00;2013-05-01 00:00;apr-13;5.8;Y
2013-05-01 00:00;2013-06-01 00:00;maj-13;14.0;Y
2013-06-01 00:00;2013-07-01 00:00;jun-13;15.8;Y
2013-07-01 00:00;2013-08-01 00:00;jul-13;18.5;Y
2013-08-01 00:00;2013-09-01 00:00;aug-13;17.8;Y
2013-09-01 00:00;2013-10-01 00:00;sep-13;13.3;Y
2013-10-01 00:00;2013-11-01 00:00;okt-13;10.4;Y
2013-11-01 00:00;2013-12-01 00:00;nov-13;5.9;Y
2014-01-01 00:00;2014-02-01 00:00;jan-14;0.2;Y
2014-02-01 00:00;2014-03-01 00:00;feb-14;4.0;Y
2014-03-01 00:00;2014-04-01 00:00;mar-14;6.1;Y
2014-04-01 00:00;2014-05-01 00:00;apr-14;9.3;Y
2014-05-01 00:00;2014-06-01 00:00;maj-14;12.8;Y
2014-06-01 00:00;2014-07-01 00:00;jun-14;16.1;Y
2014-07-01 00:00;2014-08-01 00:00;jul-14;21.2;Y
2014-08-01 00:00;2014-09-01 00:00;aug-14;17.2;Y
2014-09-01 00:00;2014-10-01 00:00;sep-14;14.8;Y
2014-10-01 00:00;2014-11-01 00:00;okt-14;11.6;Y
2014-11-01 00:00;2014-12-01 00:00;nov-14;7.0;Y
2014-12-01 00:00;2015-01-01 00:00;dec-14;3.2;Y
2015-01-01 00:00;2015-02-01 00:00;jan-15;3.0;Y
2015-02-01 00:00;2015-03-01 00:00;feb-15;2.2;Y
2015-03-01 00:00;2015-04-01 00:00;mar-15;5.0;Y
2015-04-01 00:00;2015-05-01 00:00;apr-15;7.9;Y
2015-05-01 00:00;2015-06-01 00:00;maj-15;10.3;Y
2015-06-01 00:00;2015-07-01 00:00;jun-15;14.2;Y
2015-07-01 00:00;2015-08-01 00:00;jul-15;17.1;Y
2015-08-01 00:00;2015-09-01 00:00;aug-15;18.6;Y
2015-09-01 00:00;2015-10-01 00:00;sep-15;14.0;Y
2015-10-01 00:00;2015-11-01 00:00;okt-15;9.5;Y
2015-11-01 00:00;2015-12-01 00:00;nov-15;7.4;Y
2015-12-01 00:00;2016-01-01 00:00;dec-15;6.0;Y
2016-01-01 00:00;2016-02-01 00:00;jan-16;-1.6;Y
2016-02-01 00:00;2016-03-01 00:00;feb-16;1.8;Y
2016-03-01 00:00;2016-04-01 00:00;mar-16;4.4;Y
2016-04-01 00:00;2016-05-01 00:00;apr-16;7.5;Y
2016-05-01 00:00;2016-06-01 00:00;maj-16;14.2;Y
2016-06-01 00:00;2016-07-01 00:00;jun-16;17.5;Y
2016-07-01 00:00;2016-08-01 00:00;jul-16;18.0;Y
2016-08-01 00:00;2016-09-01 00:00;aug-16;16.7;Y
2016-09-01 00:00;2016-10-01 00:00;sep-16;16.9;Y
2016-10-01 00:00;2016-11-01 00:00;okt-16;8.3;Y
2016-11-01 00:00;2016-12-01 00:00;nov-16;3.8;Y
2016-12-01 00:00;2017-01-01 00:00;dec-16;4.4;Y
2017-01-01 00:00;2017-02-01 00:00;jan-17;1.4;Y
2017-02-01 00:00;2017-03-01 00:00;feb-17;1.5;Y
2017-03-01 00:00;2017-04-01 00:00;mar-17;4.4;Y
2017-04-01 00:00;2017-05-01 00:00;apr-17;6.6;Y
2017-05-01 00:00;2017-06-01 00:00;maj-17;13.1;Y
2017-06-01 00:00;2017-07-01 00:00;jun-17;16.1;Y
2017-07-01 00:00;2017-08-01 00:00;jul-17;17.4;Y
2017-08-01 00:00;2017-09-01 00:00;aug-17;16.9;Y
2017-09-01 00:00;2017-10-01 00:00;sep-17;14.0;Y
2017-10-01 00:00;2017-11-01 00:00;okt-17;10.1;Y
2017-11-01 00:00;2017-12-01 00:00;nov-17;5.1;Y
2017-12-01 00:00;2018-01-01 00:00;dec-17;3.6;Y
2018-01-01 00:00;2018-02-01 00:00;jan-18;2.1;Y
2018-02-01 00:00;2018-03-01 00:00;feb-18;-1.5;Y
2018-03-01 00:00;2018-04-01 00:00;mar-18;-0.3;Y
2018-04-01 00:00;2018-05-01 00:00;apr-18;8.6;Y
2018-05-01 00:00;2018-06-01 00:00;maj-18;17.6;Y
2018-06-01 00:00;2018-07-01 00:00;jun-18;18.2;Y
2018-07-01 00:00;2018-08-01 00:00;jul-18;21.4;Y
2018-08-01 00:00;2018-09-01 00:00;aug-18;18.2;Y
2018-09-01 00:00;2018-10-01 00:00;sep-18;14.8;Y
2018-10-01 00:00;2018-11-01 00:00;okt-18;10.3;Y
2018-11-01 00:00;2018-12-01 00:00;nov-18;5.7;Y
2018-12-01 00:00;2019-01-01 00:00;dec-18;3.0;Y
2019-01-01 00:00;2019-02-01 00:00;jan-19;0.4;Y
2019-02-01 00:00;2019-03-01 00:00;feb-19;3.8;Y
2019-03-01 00:00;2019-04-01 00:00;mar-19;5.0;Y
2019-04-01 00:00;2019-05-01 00:00;apr-19;9.7;Y
2019-05-01 00:00;2019-06-01 00:00;maj-19;10.9;Y
2019-06-01 00:00;2019-07-01 00:00;jun-19;17.8;Y
2019-07-01 00:00;2019-08-01 00:00;jul-19;18.6;Y
2019-08-01 00:00;2019-09-01 00:00;aug-19;18.3;Y
2019-09-01 00:00;2019-10-01 00:00;sep-19;14.3;Y
2019-10-01 00:00;2019-11-01 00:00;okt-19;9.0;Y
2019-11-01 00:00;2019-12-01 00:00;nov-19;5.2;Y
2019-12-01 00:00;2020-01-01 00:00;dec-19;4.6;Y
2020-01-01 00:00;2020-02-01 00:00;jan-20;5.7;Y
2020-02-01 00:00;2020-03-01 00:00;feb-20;4.4;Y
2020-03-01 00:00;2020-04-01 00:00;mar-20;4.6;Y
2020-04-01 00:00;2020-05-01 00:00;apr-20;8.3;Y
2020-05-01 00:00;2020-06-01 00:00;maj-20;10.9;Y
2020-06-01 00:00;2020-07-01 00:00;jun-20;18.9;Y
2020-07-01 00:00;2020-08-01 00:00;jul-20;16.5;Y
2020-08-01 00:00;2020-09-01 00:00;aug-20;19.5;Y
2020-09-01 00:00;2020-10-01 00:00;sep-20;15.2;Y
2020-10-01 00:00;2020-11-01 00:00;okt-20;10.6;Y
2020-11-01 00:00;2020-12-01 00:00;nov-20;8.2;Y
2020-12-01 00:00;2021-01-01 00:00;dec-20;4.6;Y
2021-01-01 00:00;2021-02-01 00:00;jan-21;-0.1;Y
2021-02-01 00:00;2021-03-01 00:00;feb-21;-1.2;Y
2021-03-01 00:00;2021-04-01 00:00;mar-21;4.1;Y
2021-04-01 00:00;2021-05-01 00:00;apr-21;6.8;Y
2021-05-01 00:00;2021-06-01 00:00;maj-21;11.3;Y
2021-06-01 00:00;2021-07-01 00:00;jun-21;17.8;Y
2021-07-01 00:00;2021-08-01 00:00;jul-21;20.8;Y
2021-08-01 00:00;2021-09-01 00:00;aug-21;16.8;Y
2021-09-01 00:00;2021-10-01 00:00;sep-21;14.5;Y
2021-10-01 00:00;2021-11-01 00:00;okt-21;11.1;Y
2021-11-01 00:00;2021-12-01 00:00;nov-21;6.3;Y
2021-12-01 00:00;2022-01-01 00:00;dec-21;-0.1;Y
2022-01-01 00:00;2022-02-01 00:00;jan-22;3.6;Y
2022-02-01 00:00;2022-03-01 00:00;feb-22;3.3;Y
2022-03-01 00:00;2022-04-01 00:00;mar-22;4.3;Y
2022-04-01 00:00;2022-05-01 00:00;apr-22;7.4;Y
2022-05-01 00:00;2022-06-01 00:00;maj-22;12.4;Y
2022-06-01 00:00;2022-07-01 00:00;jun-22;16.9;Y
2022-07-01 00:00;2022-08-01 00:00;jul-22;18.4;Y
2022-08-01 00:00;2022-09-01 00:00;aug-22;19.0;Y
2022-09-01 00:00;2022-10-01 00:00;sep-22;13.7;Y
2022-10-01 00:00;2022-11-01 00:00;okt-22;11.8;Y
2022-11-01 00:00;2022-12-01 00:00;nov-22;7.6;Y
2022-12-01 00:00;2023-01-01 00:00;dec-22;0.5;Y
2023-01-01 00:00;2023-02-01 00:00;jan-23;3.5;Y
2023-02-01 00:00;2023-03-01 00:00;feb-23;3.2;Y
2023-03-01 00:00;2023-04-01 00:00;mar-23;2.5;Y
2023-04-01 00:00;2023-05-01 00:00;apr-23;8.2;Y
2023-05-01 00:00;2023-06-01 00:00;maj-23;13.5;Y
2023-06-01 00:00;2023-07-01 00:00;jun-23;18.6;Y
2023-07-01 00:00;2023-08-01 00:00;jul-23;16.9;Y
2023-08-01 00:00;2023-09-01 00:00;aug-23;17.1;Y
2023-09-01 00:00;2023-10-01 00:00;sep-23;17.2;Y
2023-10-01 00:00;2023-11-01 00:00;okt-23;9.0;Y
2023-11-01 00:00;2023-12-01 00:00;nov-23;3.2;Y
